cat,words
corporate,Firm Risk Board Share Stock Brand Trade Legal Board Profit Market Assets Fiscal Ethics Bylaws Company Revenue Mergers Ethical Capital Startup Company Mergers Business Industry Strategy Dividend Monopoly Takeover Earnings Business Attorney Executive Liability Marketing Expansion Debenture Corporate Directors Contracts Liability Antitrust Mediation Labor law Enterprise Commercial Management  Governance  Innovation Leadership Subsidiary Compliance Investment Securities Capitalism Divestment Net income Regulation
consumer protection,User Laws Buyer Legal Legal Fraud Client Patron Rights Safety Shopper Retailer End-user  Advocacy Purchaser Protection Complaints Litigation Regulations debt goods trust Green  Loyal Savvy Smart fraud Youth fraud rights  market demand trends safety credit Online Social Credit Frugal  Global Luxury safety rights reviews choices finance surplus Ethical  Average  privacy Digital consumer Impulse Consumer behavior
labor law,Law  Income Rights Unions Laborer Employee Employer Workforce Salary day Occupation Employment Regulation Trade Hourly wage force Trade  union Child  market  wage rights Employment Manual strike abuses Minimum Forced Unemployment abuses disput reforms strikes  Migrant labor Skilled  strikes reforms movement shortage activism Labor protests
intellectual property, IP law Branding Invention  Licensing  Royalties Licensing Ownership  Protection Innovation Protection Creativity  Infringement  Trade secrets Public domain  office law Patent search  Trade secrets Public domain search  Inventive step Inventor owner Inventor rights  office  symbol notice Exclusive rights holder Trademark symbol notice Industrial design  Patent protection litigation Patent application  Copyright duration Trademark attorney
criminal,Gang Jury Bail Rape Gang Jury Bail Crime Trial Theft Fraud Arson Alibi Judge Court Legal Crime Trial Theft Fraud Arson Judge Court Legal Felony Police Arrest Prison Guilty Parole Escape Police Arrest Prison Guilty Parole Escape Rights Lawyer Felony Victim  Suspect Robbery Assault Forgery Bribery Hacking Convict Penalty Warrant Mugshot Booking Offense Justice Suspect Witness Defense
Tax,Income Refund Revenue  law payer ation  code  rate Deduction  audit  forms Sales   break  return -exempt Excise   season  bracket  credits  evasion  shelter  benefit  planning Property   deadline  liability  able goods  consultant able income  assessment  compliance  collection Sales  rate  season rush  law changes  law updates  refund check  forms filing Excise  rates  audit process -exempt status  planning tips  rate analysis able goods list VAT implementation  season support  law compliance  consultant fees deductions list  rate adjustment   defense  avoidance  rate calculation  forms submission  audit resolution Sales  exemptions Value-added  (VAT)  assessment notice  evasion penalties Excise  definition tax
human rights,Justice Freedom Dignity Privacy Equality Fairness Advocacy Tolerance Injustice Protection Violations Empowerment Basic needs Humanitarian Civil s Child s Equality Act  to life  to work  to vote  to food LGBTQ+ s Discrimination Social justice Responsibility Women's s Refugee s Migrant s United Nations Bill of s Fair treatment Civil liberties Social equality Minority s Gender equality Racial equality Freedom to love Universal s Political s  to housing Human s law Legal protection Social inclusion  to privacy Freedom to marry Child protection Freedom of speech  to marriage Anti-torture laws Access to justice Anti-slavery laws  from fear Freedom  choose to education Human  Watch Inalienable s Refugee protection Universal suffrage  protest  religion Freedom  assembly
civil,Freedom Protest Equality Fairness Activism Tolerance Injustice Equal pay Protection Segregation Integration  Desegregation Voting rights Right to vote Right to work Discrimination Social liberties Minority  Racial Gender Equal protection Right to housing Right to privacy Right to protest Equal opportunity Religious freedom Marriage equality Disability rights Right Citizenship assemble housing justice representation  marriage Freedom expression Civil rights movement  education Freedom  prejudice Equal rights amendment  voting  sports Equality law Right  fair treatment  housing justice Anti-discrimination laws marriage education healthcare technology recreation  transportation  access  information Equal opportunity employment
family,Mother Father Parents Divorce Custody Brother Alimony Children  Adoption Paternity Parenting Annulment  abuse Foster care Guardianship Sole court  Joint custody Child welfare Child neglect Blended  Nuclear  Domestic abuse Child advocacy Divorce decree Parenting plan Spousal support  dynamics Extended  mediator violence Adoption agency Custody hearing structure Legal separation  counselor therapist  protection  license Family therapist Adoption process Visitation rights Guardianship laws  ceremony  counseling Divorce settlement support order Marriage counseling Custody arrangement Domestic partnership Single-parent  Prenuptial agreement Family court process Child welfare agency Postnuptial agreement Spousal support order
constitutional,Legal Civic Rights Freedom Justice Citizen Preamble Equality Amendment Democracy Government Due process Citizenship Civil rights Supreme Court Bill of rights Constitutional law Checks and balances Separation of powers Constitutional rights Constitutional issues Constitutional reforms Constitutional history Constitutional debates Constitutional monarchy Constitutional amendment Constitutional framework Constitutional democracy Constitutional documents Constitutional convention Constitutional government Constitutional principles Constitutional governance Constitutional protections Constitutional development Constitutional conventions Constitutional interpretation Constitutional reform efforts Constitutional interpretations Constitutional history overview Constitutional history overview Constitutional history overview Constitutional history overview Constitutional history overview Constitutional amendments debate Constitutional rights protection Constitutional rights protection Constitutional rights protection Constitutional rights protection Constitutional rights protection Constitutional amendments process Constitutional rights enforcement Constitutional governance overview Constitutional governance overview Constitutional governance overview Constitutional governance overview Constitutional governance overview Constitutional framework definition Constitutional monarchy explanation Constitutional issues clarification Constitutional framework definition
media,Press Radio Editor Privacy Reporter Coverage Fake news Newspaper Copyright Interview Journalism Censorship Television Journalist Mass bias Plagiarism Defamation Advertising Broadcasting Social outlet Publications  ethics  literacy  industry Sensationalism coverage  watchdog Copyright laws ownership First Amendment diversity influence Defamation laws Second Press conference censorship Citizen journalism conglomerate manipulation  Privacy protection  consolidation Freedom of the press Interview techniques  bias  First Amendment rights  ethics guidelines Plagiarism consequences Sensationalism  coverage analysis  literacy education  industry standards Press conference reporting  ownership transparency Media conglomerate influence Second Amendment interpretation
entertainment, Sports Concert Theater Audience Contract Celebrity Paparazzi Streaming Copyright Royalties Trademark Licensing Publicity Television Red carpet Censorship Performance Entertainer Movie rights Film industry Concert tours Privacy rights Creative works  Film production royalties Licensing deals Publicity rights Movie production Music production Television shows  law Censorship issues Concert promotion Film distribution Television rights Music distribution venue Celebrity contracts  lawyer Copyright protection Licensing agreements Agent representation events Media representation Entertainment rights Television Entertainment brands Intellectual property negotiations Performance contracts industry Trademark registration Celebrity endorsements Entertainment business
real estate,Land Rent Deed House Buyer Title Lease Seller Zoning Tenant Realtor Property Mortgage Landlord Ownership Investment Foreclosure Property  Closing costs Property value Housing market Estate planning Home inspection dispute agent boundary title market broker Pinsurance  management  assessment investment inspection Property development attorney Land  contract Property maintenance Property transaction appraisal financing ownership investment commission disclosure transaction regulations  negotiation development value appraisal  market analysis Property rights protection ownership rights Property boundary definition contract details Real estate financing options
medical,Health Doctor Patient Surgery Hospital Pharmacy Treatment Diagnosis Insurance Medication Healthcare Malpractice Prescription Medical care Medical bills Medical ethics Patient rights Medical advice Medical records Medical consent Medical history Informed consent Health insurance Healthcare costs Medical training Medical research Healthcare system Medical licensing Healthcare access Medical standards Medical liability Medical treatment Medical insurance Medical education Healthcare reform Medical practices Medical diagnosis Medical procedures Medical negligence Medical technology Medical conditions Healthcare provider Medical examination Medical malpractice Healthcare services Healthcare policies Medical specialists Medical assessments Medical advancements Medical examinations Healthcare providers Healthcare regulation Medical professionals Healthcare facilities Healthcare guidelines Medical consultations Healthcare legislation Medical confidentiality Healthcare professionals Patient rights protection Medical advice explanation
immigration,Citizenship  extension Border court status policy  reform  lawyer Entry requirements  rights agency Green card officer process pathway Deportation defense barriers benefits concerns  assistance detention interview documents Undocumented challenges violations  enforcement regulations Citizenship Work permit application consequences restrictions status change Visa extension Border  appeal process Asylum application process Naturalization  agency Refugee status clarification court proceedings rights assistance services policy development Immigration reform initiatives
banking, Branch  Deposit  Mortgage Customer Overdraft  Withdrawal Debit card Investment card  teller  manager  charges Interest rate  security Online statement Savings  Checking services regulations balance Financial institution loans charges  management  Banking regulations accounts  credit security charges transaction  transactions  Banking regulations  balance details  fees explanation account management  Bank loans  details clarification
finance,Debt Loan  Money Asset Budget Credit Income Stocks Savings Interest Expenses  Budgeting Insurance Investment Retirement Bank account Credit score ation details advisor  markets  planning literacy security  analysis  decision strategy  management  statements  investment  regulations  liabilities institutions goals setting Bank account management Credit score improvement planning advice decision-making risk assessment advisor services overview  analysis methods market regulation  institutions role literacy awareness  security assurance  assets  management guidance strategy development  education importance ation details clarification  investment strategies Insurance protection  Financial regulations growth shares Profit
environmental,Climate Habitat Wildlife Ecosystem Pollution Recycling Air quality Conservation Green energy Biodiversity Eco-friendly Clean  Water quality Deforestation Sustainability Climate change Global warming  practices Renewable energy Waste management Natural resources Endangered species  impact  policy  agency  Clean energy sources  threats Eco-friendly products  activism   education  solutions  protection  compliance Greenhouse gas reduction  regulations  initiatives  stewardship  enforcement degradation restoration  promotion  conservation  consequences  preservation Carbon footprint reduction  responsibility  sustainability  protection laws Green practices  activism  ethics  threats  awareness programs   resources Environmental  plant animals flora fauna ozone activist seeds sand 
property,"Real Estate
Property
Home
House
Apartment
Land
Rental
Commercial
Residential
Investment
Mortgage
Realtor
Buyer
Seller
Broker
Listing
Foreclosure
Condo
Lease
Tenancy
Tenant
Landlord
Valuation
Appraisal
Market
Housing
Development
Suburb
Urban
Rural
Property Management
Ownership
Title
Deed
Escrow
Equity
Capital
Repossession
Zoning
Inspection
Renovation
Architecture
Construction
Building
Mortgage Rate
Down Payment
Homeowner
Neighborhood
Public Housing
Conveyance
Land Registry
Real Estate Agent
Closing CostsProperty Tax Commercial Space
Rental Agreement
Eviction
Land Development
Condominium
Gated Community
Property Value
Lease Agreement
Tenant Rights
Housing Market
Affordable Housing
Rental Property
Conveyancing
Rental Income
Property Inspection
Real Estate
Property
Home
House
Apartment
Land
Rental
Commercial
Residential
Investment
Mortgage
Realtor
Buyer
Seller
Broker
Listing
Foreclosure
Condo
Lease
Tenancy
Tenant
Landlord
Valuation
Appraisal
Market
Housing
Development
Suburb
Urban
Rural
Property Management
Ownership
Title
Deed
Escrow
Equity
Capital
Repossession
Zoning
Inspection
Renovation
Architecture
Construction
Building
Mortgage Rate
Down Payment
Homeowner
Neighborhood
Public Housing
Conveyance
Land Registry
Real Estate Agent
Closing Costs
Property Tax
Commercial Space
Rental Agreement
Eviction
Land Development
Condominium
Gated Community
Property Value
Lease Agreement
Tenant Rights
Housing Market
Affordable Housing
Rental Property
Conveyancing
Rental Income
Property Inspection
Rental Market"
